id,first_name,last_name,email,gender,ip_address
1,Orin,Jimes,ojimes0@squarespace.com,Male,67.51.103.73
2,Tessie,McVicker,tmcvicker1@opera.com,Female,218.160.223.14
3,Stanfield,Tenman,stenman2@wikimedia.org,Male,20.200.143.6
4,Olympe,Pittock,opittock3@last.fm,Female,168.117.160.223
5,Jard,M'Quharg,jmquharg4@jigsy.com,Male,55.88.156.89
6,Ferne,Glencrosche,fglencrosche5@wikispaces.com,Female,247.37.29.153
7,Boone,Morson,bmorson6@sina.com.cn,Male,75.224.78.141
8,Abbe,Lowder,alowder7@amazon.co.uk,Male,190.215.167.32
9,Joshua,Carrel,jcarrel8@de.vu,Male,143.91.80.38
10,Clarance,MacHoste,cmachoste9@google.de,Male,22.210.211.1
11,Armstrong,Medd,amedda@sitemeter.com,Male,136.87.83.29
12,Rozelle,Plet,rpletb@quantcast.com,Female,78.221.19.71
13,Trumann,Fairham,tfairhamc@paginegialle.it,Male,119.17.249.56
14,Clovis,Stutt,cstuttd@zdnet.com,Female,13.239.34.142
15,Annabela,Tabary,atabarye@icio.us,Female,110.178.237.156
16,Lotte,Tanfield,ltanfieldf@elpais.com,Female,255.196.149.254
17,Gian,Kinze,gkinzeg@uol.com.br,Male,156.70.33.159
18,Gareth,Beeke,gbeekeh@utexas.edu,Male,0.220.237.117
19,Hyman,Redgewell,hredgewelli@nsw.gov.au,Male,113.8.155.180
20,Koo,Jenking,kjenkingj@thetimes.co.uk,Female,143.175.123.96
21,Kial,Strudwick,kstrudwickk@xinhuanet.com,Female,250.195.201.27
22,Sasha,Belchamber,sbelchamberl@sourceforge.net,Female,15.152.47.133
23,Keane,Sexcey,ksexceym@google.nl,Male,136.244.191.62
24,Phillis,Dix,pdixn@creativecommons.org,Female,6.17.246.245
25,Hana,Sleany,hsleanyo@huffingtonpost.com,Female,59.204.71.128
26,Kerrill,Hunter,khunterp@blog.com,Female,200.44.66.215
27,Lonna,Dingsdale,ldingsdaleq@instagram.com,Female,222.124.63.35
28,Ahmad,Gamell,agamellr@chron.com,Male,241.206.60.62
29,Myer,Massingberd,mmassingberds@opera.com,Male,170.176.215.137
30,Nikaniki,Warrilow,nwarrilowt@aboutads.info,Female,253.236.129.44
31,Meggie,Belhomme,mbelhommeu@npr.org,Female,159.150.136.112
32,Magdalene,Biesty,mbiestyv@princeton.edu,Female,252.120.106.166
33,Boote,Dagger,bdaggerw@shareasale.com,Male,171.76.5.253
34,Gaylord,Windeatt,gwindeattx@hubpages.com,Male,197.238.182.86
35,Kendra,Pardy,kpardyy@yellowpages.com,Female,146.165.223.11
36,Dael,Macenzy,dmacenzyz@zimbio.com,Male,79.208.18.119
37,Bill,Gadsdon,bgadsdon10@scribd.com,Male,92.16.89.147
38,Davina,Lillie,dlillie11@pcworld.com,Female,5.168.135.191
39,Mikey,Robic,mrobic12@facebook.com,Male,16.49.217.231
40,Carlo,Petrello,cpetrello13@rediff.com,Male,34.223.212.75
41,Tarrance,Greville,tgreville14@studiopress.com,Male,30.151.132.248
42,Bea,Yegorshin,byegorshin15@reverbnation.com,Female,98.148.186.186
43,Emeline,Croxton,ecroxton16@instagram.com,Female,5.226.78.112
44,Alexandro,Lennon,alennon17@toplist.cz,Male,133.105.145.188
45,Min,Gamwell,mgamwell18@hao123.com,Female,241.51.0.3
46,Peta,Wakley,pwakley19@washington.edu,Female,89.80.80.118
47,Lynde,De Zuani,ldezuani1a@sciencedaily.com,Female,154.246.105.186
48,Amby,Dallaghan,adallaghan1b@360.cn,Male,27.25.145.89
49,Binky,Vallow,bvallow1c@nymag.com,Male,225.133.147.11
50,Penelope,Struss,pstruss1d@tinyurl.com,Female,115.198.196.222
51,Riobard,Jeves,rjeves1e@clickbank.net,Male,15.160.191.84
52,Harley,Meininger,hmeininger1f@loc.gov,Female,17.176.67.48
53,Vladimir,McKeand,vmckeand1g@paypal.com,Male,217.126.206.216
54,Salomon,Renyard,srenyard1h@icq.com,Male,126.243.38.6
55,Lowrance,Blyden,lblyden1i@google.co.jp,Male,143.242.45.205
56,Marysa,Antonoczyk,mantonoczyk1j@typepad.com,Female,218.233.109.192
57,Lorry,Castillo,lcastillo1k@photobucket.com,Female,221.198.64.249
58,Bo,Cafferky,bcafferky1l@geocities.com,Male,194.48.189.171
59,Reina,Lavender,rlavender1m@state.tx.us,Female,24.15.62.85
60,Hi,Repp,hrepp1n@delicious.com,Male,218.229.245.161
61,Tressa,Maso,tmaso1o@123-reg.co.uk,Female,184.193.84.221
62,Cosimo,Luto,cluto1p@addtoany.com,Male,73.200.13.46
63,Carol-jean,Figurski,cfigurski1q@census.gov,Female,89.106.109.227
64,Ingram,Ackenhead,iackenhead1r@dailymotion.com,Male,83.84.171.184
65,Robbert,Beushaw,rbeushaw1s@123-reg.co.uk,Male,19.87.157.14
66,Armand,Kelmere,akelmere1t@macromedia.com,Male,237.163.47.34
67,Auria,Teaser,ateaser1u@cbsnews.com,Female,159.66.229.57
68,Abe,Krzyzowski,akrzyzowski1v@aboutads.info,Male,64.83.49.225
69,Tabbie,Moses,tmoses1w@1und1.de,Female,39.244.109.106
70,Hamlin,Lugton,hlugton1x@printfriendly.com,Male,182.123.60.50
71,Shaughn,Charnock,scharnock1y@hostgator.com,Male,142.101.150.41
72,Gradey,McIlmorow,gmcilmorow1z@reddit.com,Male,188.125.148.242
73,Dania,Kitlee,dkitlee20@npr.org,Female,218.104.146.140
74,Gaston,Hartgill,ghartgill21@digg.com,Male,180.238.145.141
75,Filberte,Piesold,fpiesold22@hibu.com,Male,106.27.222.240
76,Man,Tidbold,mtidbold23@hibu.com,Male,89.7.132.75
77,Justen,Di Napoli,jdinapoli24@tripadvisor.com,Male,105.0.85.110
78,Teador,Harcarse,tharcarse25@phoca.cz,Male,43.177.123.234
79,Wendel,Barbisch,wbarbisch26@goo.gl,Male,27.178.21.85
80,Valery,Barreau,vbarreau27@baidu.com,Female,211.19.145.224
81,Ralf,Heifer,rheifer28@marriott.com,Male,1.103.114.207
82,Kyle,Gellett,kgellett29@newyorker.com,Female,155.98.10.18
83,Arley,Pickerill,apickerill2a@surveymonkey.com,Male,207.216.70.16
84,Hollis,Ivashin,hivashin2b@php.net,Male,138.82.172.220
85,Bobette,Engledow,bengledow2c@barnesandnoble.com,Female,190.206.176.62
86,Gwenni,Titchen,gtitchen2d@tinypic.com,Female,167.207.163.117
87,Tymon,Pattinson,tpattinson2e@cbc.ca,Male,216.101.225.184
88,Kaspar,Obell,kobell2f@mayoclinic.com,Male,30.230.62.215
89,Ursulina,Ferrolli,uferrolli2g@statcounter.com,Female,72.183.121.236
90,Carlita,Skelhorne,cskelhorne2h@blogs.com,Female,16.207.80.81
91,Wilona,MacCaffery,wmaccaffery2i@disqus.com,Female,79.46.58.254
92,Perkin,Tizard,ptizard2j@deliciousdays.com,Male,139.130.182.18
93,Drew,Mapplethorpe,dmapplethorpe2k@bloglovin.com,Male,10.74.114.98
94,Darryl,Cossey,dcossey2l@hatena.ne.jp,Male,134.211.87.173
95,Hildegarde,Brotherwood,hbrotherwood2m@nasa.gov,Female,250.203.65.222
96,Em,Alabaster,ealabaster2n@theglobeandmail.com,Male,212.5.65.153
97,Ignace,Attenbrough,iattenbrough2o@nps.gov,Male,43.246.21.218
98,Janina,Bowell,jbowell2p@businesswire.com,Female,232.248.170.111
99,Osbert,Cowern,ocowern2q@hud.gov,Male,255.187.255.40
100,Allyn,McNab,amcnab2r@nifty.com,Female,173.245.206.56
101,Katee,Wackly,kwackly2s@nydailynews.com,Female,194.85.113.38
102,Rodolph,Aizikovitch,raizikovitch2t@earthlink.net,Male,252.124.75.139
103,Wilfred,Wynch,wwynch2u@blinklist.com,Male,60.75.187.194
104,Shane,Dallinder,sdallinder2v@etsy.com,Male,63.59.175.166
105,Waldo,Pfleger,wpfleger2w@skyrock.com,Male,122.40.17.127
106,Perri,Esherwood,pesherwood2x@bbb.org,Female,39.74.227.116
107,Damien,Ogilvy,dogilvy2y@wordpress.com,Male,170.153.118.175
108,Lydie,Sarre,lsarre2z@newyorker.com,Female,177.64.151.125
109,Ara,Jerrams,ajerrams30@altervista.org,Male,106.248.136.2
110,Tracey,Molian,tmolian31@posterous.com,Female,92.73.114.203
111,Lila,Moult,lmoult32@microsoft.com,Female,208.135.207.165
112,Noll,Gawthrope,ngawthrope33@soundcloud.com,Male,36.251.203.35
113,Leeann,Pluvier,lpluvier34@xrea.com,Female,27.65.16.85
114,Edy,Prew,eprew35@foxnews.com,Female,31.102.234.158
115,Haslett,Horney,hhorney36@newyorker.com,Male,194.128.161.67
116,Allys,Coldbath,acoldbath37@nih.gov,Female,210.245.16.180
117,Burlie,Petasch,bpetasch38@reuters.com,Male,94.213.211.212
118,Mischa,Viveash,mviveash39@zdnet.com,Male,171.95.246.135
119,Herbie,Claringbold,hclaringbold3a@scribd.com,Male,37.218.44.155
120,Dario,Dignam,ddignam3b@timesonline.co.uk,Male,130.86.242.38
121,Jud,Glander,jglander3c@blog.com,Male,224.18.88.216
122,James,Loades,jloades3d@comcast.net,Male,28.248.166.236
123,Huberto,Yalden,hyalden3e@google.com.au,Male,81.229.23.22
124,Wash,Brum,wbrum3f@istockphoto.com,Male,181.20.63.55
125,Arabele,Hodgon,ahodgon3g@stanford.edu,Female,14.72.211.41
126,Penelopa,Feetham,pfeetham3h@trellian.com,Female,37.226.215.169
127,Euell,Semple,esemple3i@mapy.cz,Male,239.183.109.130
128,Ludovika,McCoveney,lmccoveney3j@qq.com,Female,9.38.159.134
129,Roley,Denslow,rdenslow3k@netvibes.com,Male,220.64.7.117
130,Randy,McGourty,rmcgourty3l@yahoo.co.jp,Female,125.45.233.81
131,Moe,Jelf,mjelf3m@cbc.ca,Male,238.37.223.224
132,Anthony,Yeats,ayeats3n@europa.eu,Male,133.41.156.113
133,Morgan,Caistor,mcaistor3o@myspace.com,Male,241.164.206.199
134,Fredrick,Goldby,fgoldby3p@oaic.gov.au,Male,12.212.93.52
135,Herman,MacIlory,hmacilory3q@vk.com,Male,17.147.149.60
136,Gothart,Hargreaves,ghargreaves3r@senate.gov,Male,230.73.236.147
137,Minerva,Gauler,mgauler3s@google.de,Female,65.98.149.181
138,Jeffie,Welch,jwelch3t@flavors.me,Male,0.113.81.199
139,Jonie,Learmonth,jlearmonth3u@slideshare.net,Female,1.229.242.20
140,Vivianne,Delete,vdelete3v@dot.gov,Female,187.240.52.180
141,Cookie,Hansod,chansod3w@taobao.com,Female,219.192.35.162
142,Aubrey,Tawn,atawn3x@house.gov,Female,226.73.153.142
143,Ara,Faughnan,afaughnan3y@wunderground.com,Female,213.206.156.15
144,Jud,Whyte,jwhyte3z@ameblo.jp,Male,58.191.5.27
145,Danna,Thurston,dthurston40@vimeo.com,Female,173.23.29.140
146,Kellyann,Salzburg,ksalzburg41@tinypic.com,Female,35.28.56.39
147,Augie,Gittens,agittens42@oakley.com,Male,163.248.243.119
148,Peyter,Stovin,pstovin43@facebook.com,Male,29.113.2.162
149,Loydie,Asken,lasken44@twitpic.com,Male,145.232.31.164
150,Reggy,Gallgher,rgallgher45@php.net,Male,174.139.23.92
151,Marylinda,Bibbie,mbibbie46@paginegialle.it,Female,184.201.63.143
152,Pierette,Cartan,pcartan47@bloglovin.com,Female,99.110.64.250
153,Wilhelm,Lidgett,wlidgett48@360.cn,Male,169.54.7.91
154,Scarlett,Dyne,sdyne49@google.com,Female,103.45.97.138
155,Morry,Wolstencroft,mwolstencroft4a@gnu.org,Male,180.3.142.46
156,Kit,Jakubovitch,kjakubovitch4b@newsvine.com,Female,106.229.46.139
157,Sanford,Crocroft,scrocroft4c@arizona.edu,Male,16.137.48.205
158,Vivien,Cunney,vcunney4d@google.ru,Female,123.179.171.44
159,Doria,Casse,dcasse4e@dell.com,Female,225.227.192.163
160,Yvor,Feige,yfeige4f@marriott.com,Male,239.211.38.30
161,Justina,Pinner,jpinner4g@google.fr,Female,48.247.251.227
162,Yard,Kintzel,ykintzel4h@newsvine.com,Male,195.118.7.70
163,Selene,Cornilli,scornilli4i@boston.com,Female,111.80.83.227
164,Worthington,Ridhole,wridhole4j@soundcloud.com,Male,148.125.26.6
165,Odessa,Toomey,otoomey4k@themeforest.net,Female,85.147.159.179
166,Cleveland,Leirmonth,cleirmonth4l@vimeo.com,Male,39.100.21.135
167,Jorie,Dalliwater,jdalliwater4m@discovery.com,Female,6.153.127.138
168,Jeromy,Shatliffe,jshatliffe4n@ucla.edu,Male,215.98.147.180
169,Hyacinthia,Finlaison,hfinlaison4o@taobao.com,Female,218.110.126.25
170,Linnell,Kinsley,lkinsley4p@tamu.edu,Female,30.122.191.21
171,Jerad,Joplin,jjoplin4q@jugem.jp,Male,3.122.17.175
172,Shayne,Musselwhite,smusselwhite4r@naver.com,Female,57.255.88.231
173,Dahlia,Adran,dadran4s@utexas.edu,Female,201.54.196.162
174,Shandie,Francesco,sfrancesco4t@linkedin.com,Female,209.116.138.47
175,Giacopo,Audrey,gaudrey4u@example.com,Male,209.174.128.25
176,Marylou,Arrow,marrow4v@hugedomains.com,Female,170.83.48.1
177,Liam,Brisard,lbrisard4w@blinklist.com,Male,211.150.206.85
178,Drucie,M'Quharge,dmquharge4x@nyu.edu,Female,117.126.80.70
179,Jeff,Dobble,jdobble4y@ovh.net,Male,246.32.203.27
180,Jemmy,Pamphilon,jpamphilon4z@upenn.edu,Female,83.91.155.93
181,Loella,Aspden,laspden50@wired.com,Female,189.224.48.220
182,Rochella,Dict,rdict51@telegraph.co.uk,Female,185.228.168.61
183,Wilhelmine,Cregan,wcregan52@acquirethisname.com,Female,83.207.131.83
184,Marley,Smee,msmee53@edublogs.org,Female,219.134.176.220
185,Martainn,Govier,mgovier54@twitter.com,Male,65.113.196.167
186,Pammie,Newrick,pnewrick55@narod.ru,Female,50.18.135.102
187,Odilia,Tomkys,otomkys56@theglobeandmail.com,Female,105.8.247.154
188,Cosette,Jorcke,cjorcke57@t.co,Female,40.249.17.34
189,Erinn,Resdale,eresdale58@samsung.com,Female,89.103.208.6
190,Shoshanna,Francomb,sfrancomb59@addthis.com,Female,123.228.255.11
191,Robena,Antonacci,rantonacci5a@eepurl.com,Female,167.30.184.140
192,Jodie,Chisolm,jchisolm5b@forbes.com,Male,246.229.22.126
193,Ardelis,Pantry,apantry5c@tripadvisor.com,Female,64.27.215.106
194,Calvin,Spere,cspere5d@businesswire.com,Male,138.101.209.65
195,Griffy,Nassy,gnassy5e@cargocollective.com,Male,230.144.158.107
196,Marris,Kearney,mkearney5f@macromedia.com,Female,66.176.88.54
197,Oliviero,Meugens,omeugens5g@nymag.com,Male,198.91.175.186
198,Abdel,Tackle,atackle5h@mapy.cz,Male,29.158.141.44
199,Zachary,Vaillant,zvaillant5i@newyorker.com,Male,155.253.13.213
200,Sinclair,De Biasio,sdebiasio5j@cocolog-nifty.com,Male,69.185.59.84
201,Lonnard,Kilshall,lkilshall5k@printfriendly.com,Male,122.157.229.193
202,Perry,Sandyford,psandyford5l@un.org,Female,159.70.200.126
203,Arly,Barrie,abarrie5m@nationalgeographic.com,Female,85.49.67.75
204,Leopold,Crevagh,lcrevagh5n@studiopress.com,Male,9.175.78.1
205,Adelina,Sapena,asapena5o@archive.org,Female,128.174.18.11
206,Celka,Stanesby,cstanesby5p@nature.com,Female,84.183.65.7
207,Hatty,Lofts,hlofts5q@nyu.edu,Female,106.185.191.199
208,Wyn,Eul,weul5r@slashdot.org,Male,103.101.95.52
209,Aylmar,Narup,anarup5s@nytimes.com,Male,206.255.7.87
210,Carena,Lelande,clelande5t@hp.com,Female,62.0.41.105
211,Massimiliano,Timpany,mtimpany5u@auda.org.au,Male,97.191.96.21
212,Kalila,Atwill,katwill5v@msn.com,Female,220.242.119.152
213,Emmet,Bediss,ebediss5w@rediff.com,Male,242.142.5.158
214,Ash,Besson,abesson5x@goodreads.com,Male,66.27.105.236
215,Annemarie,Gosnall,agosnall5y@shop-pro.jp,Female,81.55.183.226
216,Odie,Douthwaite,odouthwaite5z@cbslocal.com,Male,189.197.84.105
217,Mareah,Titheridge,mtitheridge60@washington.edu,Female,132.142.69.139
218,Giordano,Sired,gsired61@blog.com,Male,202.196.223.232
219,Lisette,Stooke,lstooke62@chron.com,Female,163.195.11.201
220,Kennett,Firmager,kfirmager63@acquirethisname.com,Male,240.176.124.174
221,Florencia,Manicomb,fmanicomb64@nasa.gov,Female,183.239.8.85
222,Rosy,Erratt,rerratt65@usa.gov,Female,88.181.4.170
223,Dannel,Cardenas,dcardenas66@xrea.com,Male,178.229.228.92
224,Pernell,Wilton,pwilton67@free.fr,Male,190.59.76.83
225,Brett,Wyvill,bwyvill68@ihg.com,Male,72.252.59.67
226,Melba,MacWhirter,mmacwhirter69@ibm.com,Female,237.11.74.136
227,Dav,Dunrige,ddunrige6a@unesco.org,Male,36.211.122.19
228,Josepha,Hellin,jhellin6b@xrea.com,Female,30.95.175.178
229,Mata,Vain,mvain6c@bizjournals.com,Male,143.171.221.79
230,Amery,Stenett,astenett6d@hostgator.com,Male,122.78.207.192
231,Andria,Limer,alimer6e@posterous.com,Female,195.62.133.87
232,Alistair,Messiter,amessiter6f@t-online.de,Male,139.10.191.210
233,Udall,Stitwell,ustitwell6g@i2i.jp,Male,145.225.97.150
234,Conchita,Tavener,ctavener6h@163.com,Female,65.101.237.122
235,Lorelle,Gauford,lgauford6i@stanford.edu,Female,109.41.203.130
236,Tiff,Eveleigh,teveleigh6j@ucsd.edu,Female,32.107.151.96
237,Isaac,Gerrens,igerrens6k@dailymail.co.uk,Male,57.156.52.30
238,Fancy,Glenwright,fglenwright6l@edublogs.org,Female,249.226.2.241
239,Rudolfo,Powling,rpowling6m@sfgate.com,Male,104.140.68.130
240,Cornie,Le Pruvost,clepruvost6n@tiny.cc,Male,85.84.181.153
241,Sterne,Hucks,shucks6o@nps.gov,Male,187.231.43.33
242,Arly,Hadland,ahadland6p@ebay.com,Female,54.242.127.188
243,Deeyn,McGuffog,dmcguffog6q@vkontakte.ru,Female,121.42.34.34
244,Berrie,Ayrton,bayrton6r@youtu.be,Female,17.35.13.5
245,Ted,Demeter,tdemeter6s@cdbaby.com,Male,185.198.216.212
246,Bryan,Downham,bdownham6t@utexas.edu,Male,186.110.167.90
247,Harmon,Garside,hgarside6u@npr.org,Male,97.216.145.245
248,Roselin,Buckland,rbuckland6v@cbslocal.com,Female,59.212.147.253
249,Leonerd,Ludl,lludl6w@businesswire.com,Male,245.255.249.158
250,Eldon,Oels,eoels6x@mapquest.com,Male,184.196.231.204
251,Emlyn,Gard,egard6y@mashable.com,Female,0.9.199.138
252,Lira,Sedworth,lsedworth6z@chronoengine.com,Female,61.140.157.177
253,Sela,Pietzner,spietzner70@hatena.ne.jp,Female,212.128.220.111
254,Kelli,Luckcuck,kluckcuck71@amazon.co.uk,Female,67.44.230.170
255,Phelia,Vales,pvales72@goo.gl,Female,13.71.82.139
256,Glendon,Brake,gbrake73@google.it,Male,118.111.220.157
257,Stinky,Morecombe,smorecombe74@cornell.edu,Male,227.209.3.49
258,Anet,Hoy,ahoy75@washington.edu,Female,105.170.123.46
259,Clementius,Jecock,cjecock76@illinois.edu,Male,59.191.147.171
260,Sherwin,Eite,seite77@independent.co.uk,Male,215.251.234.231
261,Carol,Flint,cflint78@ucoz.com,Female,28.236.206.237
262,Corliss,Brougham,cbrougham79@wsj.com,Female,171.120.198.245
263,Allyn,Gaskarth,agaskarth7a@123-reg.co.uk,Male,241.31.12.140
264,Consuela,Lobley,clobley7b@infoseek.co.jp,Female,170.229.37.171
265,Fletch,Cohrs,fcohrs7c@dyndns.org,Male,81.238.39.65
266,Ernst,Wellwood,ewellwood7d@reddit.com,Male,7.12.162.62
267,Yul,McCready,ymccready7e@gmpg.org,Male,107.56.38.43
268,Fairlie,Manzell,fmanzell7f@umn.edu,Male,72.190.195.176
269,Ransell,Leheude,rleheude7g@tmall.com,Male,220.222.122.247
270,Karyn,Mavin,kmavin7h@hubpages.com,Female,92.167.189.110
271,Wyatt,Schuricke,wschuricke7i@booking.com,Male,71.240.201.87
272,Cris,Gosalvez,cgosalvez7j@cnet.com,Male,142.134.138.65
273,Bentley,Tattersill,btattersill7k@devhub.com,Male,61.59.73.72
274,Mirabel,Buttler,mbuttler7l@simplemachines.org,Female,167.207.86.192
275,Joellen,Scholfield,jscholfield7m@nsw.gov.au,Female,247.77.94.251
276,Bridgette,Whettleton,bwhettleton7n@cisco.com,Female,217.207.203.200
277,Tim,Halsall,thalsall7o@ezinearticles.com,Female,134.75.9.45
278,Klarika,Fidelli,kfidelli7p@example.com,Female,144.15.162.194
279,Craggy,Stuke,cstuke7q@ucla.edu,Male,6.139.45.217
280,Siobhan,Byatt,sbyatt7r@wp.com,Female,63.44.245.84
281,Baillie,Conner,bconner7s@e-recht24.de,Male,99.53.169.245
282,Ki,Swallow,kswallow7t@ucoz.com,Female,128.179.199.93
283,Linnie,Rivlin,lrivlin7u@shinystat.com,Female,4.244.136.4
284,Moll,Spight,mspight7v@weather.com,Female,57.216.28.40
285,Sammy,Tilley,stilley7w@aol.com,Female,217.35.238.209
286,Orland,Rattray,orattray7x@cmu.edu,Male,176.51.109.140
287,Phaidra,Trainor,ptrainor7y@timesonline.co.uk,Female,78.24.59.123
288,Kalindi,Fromont,kfromont7z@discovery.com,Female,209.87.59.136
289,Vladimir,Gallamore,vgallamore80@answers.com,Male,231.133.123.207
290,Leena,Batisse,lbatisse81@nba.com,Female,227.150.63.201
291,Franchot,Ticic,fticic82@un.org,Male,152.82.223.160
292,Felike,Lamblin,flamblin83@51.la,Male,74.116.119.48
293,Alva,McElwee,amcelwee84@loc.gov,Male,206.114.181.108
294,Franklin,Bains,fbains85@state.gov,Male,214.146.153.200
295,Timofei,Posse,tposse86@twitter.com,Male,144.9.208.148
296,Fidole,Doe,fdoe87@archive.org,Male,157.225.79.54
297,Davidson,Jeppe,djeppe88@utexas.edu,Male,39.69.192.167
298,Niven,Collum,ncollum89@people.com.cn,Male,32.241.52.217
299,Townsend,Storah,tstorah8a@discovery.com,Male,155.165.100.203
300,Billi,Vinck,bvinck8b@cmu.edu,Female,70.153.145.247
301,Ermin,Enriquez,eenriquez8c@odnoklassniki.ru,Male,31.175.38.11
302,Joe,Benge,jbenge8d@engadget.com,Male,244.149.243.45
303,Dalila,Fernant,dfernant8e@fda.gov,Female,162.13.209.125
304,Bamby,Blazy,bblazy8f@apache.org,Female,203.103.172.168
305,Violante,Lighten,vlighten8g@uiuc.edu,Female,28.141.210.166
306,Jenn,Durnford,jdurnford8h@sbwire.com,Female,12.85.7.96
307,Nina,Gringley,ngringley8i@addthis.com,Female,3.212.93.152
308,Ashton,Kemmish,akemmish8j@youku.com,Male,211.110.143.118
309,Trent,MacNeish,tmacneish8k@washington.edu,Male,182.13.186.127
310,Frants,Jauncey,fjauncey8l@disqus.com,Male,2.4.87.252
311,Fidelio,Krammer,fkrammer8m@youtube.com,Male,191.240.249.112
312,Ber,Wainscot,bwainscot8n@msu.edu,Male,4.133.16.77
313,Magnum,Reimer,mreimer8o@statcounter.com,Male,53.84.60.6
314,Terrel,Cocklie,tcocklie8p@multiply.com,Male,31.216.10.40
315,Vernor,Everard,veverard8q@slate.com,Male,170.84.108.232
316,Marley,Wonter,mwonter8r@seattletimes.com,Female,193.41.94.148
317,Laina,Petrushanko,lpetrushanko8s@mac.com,Female,183.64.110.197
318,Marrissa,Mothersole,mmothersole8t@buzzfeed.com,Female,94.70.52.197
319,Marshall,Leyes,mleyes8u@epa.gov,Male,117.235.231.71
320,Hieronymus,McBratney,hmcbratney8v@booking.com,Male,48.206.113.18
321,Deloria,Rustich,drustich8w@theglobeandmail.com,Female,141.161.182.115
322,Angelico,Egdale,aegdale8x@angelfire.com,Male,124.212.2.248
323,Woodrow,Brisley,wbrisley8y@slate.com,Male,209.55.132.92
324,Tracey,Yeabsley,tyeabsley8z@ft.com,Male,216.26.114.210
325,Kristina,Lockless,klockless90@sogou.com,Female,62.75.108.7
326,Tandy,Reichardt,treichardt91@pbs.org,Female,122.159.243.170
327,Laureen,Hinners,lhinners92@hostgator.com,Female,168.57.66.6
328,Valaria,Dawidsohn,vdawidsohn93@thetimes.co.uk,Female,130.161.16.11
329,Poul,Wheldon,pwheldon94@posterous.com,Male,210.19.105.182
330,Winifred,Beer,wbeer95@bloglines.com,Female,247.188.63.74
331,Ari,Spreckley,aspreckley96@boston.com,Male,143.234.129.144
332,Joelynn,Heape,jheape97@nih.gov,Female,158.152.213.60
333,Luelle,Goudard,lgoudard98@csmonitor.com,Female,245.203.254.48
334,Garner,Hasted,ghasted99@disqus.com,Male,190.103.43.168
335,Valentijn,Marskell,vmarskell9a@baidu.com,Male,32.83.43.160
336,Yolanda,Ferras,yferras9b@livejournal.com,Female,59.81.215.176
337,Emera,Karolyi,ekarolyi9c@amazon.de,Female,65.188.121.41
338,Debbi,Osman,dosman9d@nasa.gov,Female,199.28.149.212
339,Laurette,Lambird,llambird9e@tumblr.com,Female,167.71.101.68
340,Garrek,Taverner,gtaverner9f@homestead.com,Male,103.89.33.121
341,Koenraad,Stothart,kstothart9g@ucoz.com,Male,149.51.249.201
342,Raynard,Queree,rqueree9h@epa.gov,Male,207.200.70.128
343,Glynn,Nutley,gnutley9i@cnet.com,Male,150.121.106.254
344,Nilson,Grunnill,ngrunnill9j@unicef.org,Male,68.248.253.191
345,Clarine,Low,clow9k@csmonitor.com,Female,69.54.68.101
346,Vasili,Gierok,vgierok9l@nifty.com,Male,193.145.58.55
347,Stefanie,Wing,swing9m@geocities.com,Female,178.214.154.57
348,Farr,Dwerryhouse,fdwerryhouse9n@bloomberg.com,Male,225.131.86.102
349,Bryn,Coger,bcoger9o@acquirethisname.com,Male,115.188.170.118
350,Afton,Bedbury,abedbury9p@prlog.org,Female,237.78.95.32
351,Dalenna,Caseborne,dcaseborne9q@friendfeed.com,Female,64.29.144.9
352,Herb,Scrivner,hscrivner9r@dailymail.co.uk,Male,8.52.179.138
353,Fredra,Teissier,fteissier9s@marriott.com,Female,80.138.44.199
354,Ali,Dorney,adorney9t@opera.com,Female,69.153.79.185
355,Eleanora,Skeath,eskeath9u@liveinternet.ru,Female,9.126.5.208
356,Tucky,Causbey,tcausbey9v@cargocollective.com,Male,49.207.25.166
357,Tyler,Campion,tcampion9w@narod.ru,Male,236.208.67.119
358,Clotilda,Ledrun,cledrun9x@google.pl,Female,106.251.245.171
359,Lonnie,Denis,ldenis9y@mapy.cz,Female,238.160.231.185
360,Robbyn,Jesty,rjesty9z@army.mil,Female,212.58.128.109
361,Northrup,Gianuzzi,ngianuzzia0@freewebs.com,Male,221.134.71.197
362,Fred,Bawle,fbawlea1@devhub.com,Female,109.20.84.116
363,Sindee,Wilkins,swilkinsa2@ning.com,Female,40.217.79.133
364,Arabel,Davidavidovics,adavidavidovicsa3@europa.eu,Female,75.81.185.138
365,Klement,Vispo,kvispoa4@domainmarket.com,Male,85.113.169.101
366,Petey,Endley,pendleya5@goo.ne.jp,Male,211.192.245.83
367,Joelle,Mitton,jmittona6@nhs.uk,Female,159.166.200.241
368,Larisa,Winear,lwineara7@wordpress.com,Female,197.207.156.160
369,Hillel,Iddon,hiddona8@whitehouse.gov,Male,74.44.48.234
370,Cecil,Donisi,cdonisia9@adobe.com,Male,158.185.241.246
371,Andie,Trigg,atriggaa@exblog.jp,Male,68.141.243.66
372,Agustin,Hugues,ahuguesab@harvard.edu,Male,109.114.219.223
373,Kare,Kay,kkayac@bloglines.com,Female,243.71.238.150
374,Alana,Asbury,aasburyad@linkedin.com,Female,48.204.107.143
375,Silas,Madgwich,smadgwichae@mapy.cz,Male,126.166.3.67
376,Giuditta,Jose,gjoseaf@behance.net,Female,164.31.6.122
377,Sheff,McIver,smciverag@theatlantic.com,Male,181.92.52.137
378,Kathryne,Collingworth,kcollingworthah@icio.us,Female,103.238.228.250
379,Lindsey,Radnage,lradnageai@myspace.com,Male,201.237.243.105
380,Jermaine,Senechault,jsenechaultaj@ftc.gov,Female,201.9.39.30
381,Sullivan,Bantick,sbantickak@microsoft.com,Male,134.56.143.134
382,Carolan,Sparkes,csparkesal@ca.gov,Female,129.169.151.147
383,Dredi,Goodinson,dgoodinsonam@craigslist.org,Female,151.250.138.14
384,Colin,Rougier,crougieran@bandcamp.com,Male,184.23.237.130
385,Caroljean,Shury,cshuryao@lulu.com,Female,130.178.64.90
386,Paolo,Tice,pticeap@dagondesign.com,Male,123.48.67.20
387,Murdock,Kenworthy,mkenworthyaq@artisteer.com,Male,74.68.7.219
388,Dulci,Kimm,dkimmar@nih.gov,Female,248.164.31.167
389,Marie-ann,Caley,mcaleyas@behance.net,Female,146.177.1.112
390,Sibby,Duell,sduellat@clickbank.net,Female,174.133.247.225
391,Brose,Skidmore,bskidmoreau@nbcnews.com,Male,23.233.81.141
392,Reine,Birkhead,rbirkheadav@yandex.ru,Female,9.36.104.96
393,Beverlee,Draisey,bdraiseyaw@apple.com,Female,146.250.112.35
394,Benjamen,Brabben,bbrabbenax@oaic.gov.au,Male,82.177.218.117
395,Ruperto,Fishlock,rfishlockay@usnews.com,Male,39.53.104.10
396,Shane,Dowsey,sdowseyaz@imageshack.us,Male,185.116.150.213
397,Rozina,Frayne,rfrayneb0@ebay.co.uk,Female,123.136.95.18
398,Averell,Jauncey,ajaunceyb1@imgur.com,Male,220.10.18.11
399,Nancee,Seine,nseineb2@biblegateway.com,Female,128.240.141.45
400,Stern,Kohen,skohenb3@comsenz.com,Male,120.219.167.189
401,Celisse,Stelli,cstellib4@macromedia.com,Female,81.137.171.167
402,Jillian,Shakesby,jshakesbyb5@craigslist.org,Female,126.86.26.50
403,Griselda,Arthy,garthyb6@w3.org,Female,189.17.51.166
404,Carolyn,McGeaney,cmcgeaneyb7@princeton.edu,Female,145.129.164.244
405,Larissa,Botly,lbotlyb8@smh.com.au,Female,228.185.243.32
406,Rikki,Aujean,raujeanb9@vistaprint.com,Male,127.216.189.41
407,Micheal,Sudy,msudyba@intel.com,Male,205.150.117.176
408,Olivero,Medway,omedwaybb@blogspot.com,Male,234.252.239.162
409,Ardelia,Daftor,adaftorbc@unblog.fr,Female,71.145.144.53
410,Leroi,Twydell,ltwydellbd@twitter.com,Male,214.223.243.208
411,Ignacio,MacAleese,imacaleesebe@oakley.com,Male,20.81.171.249
412,Fiona,Copello,fcopellobf@cornell.edu,Female,159.106.191.150
413,Gus,Fissenden,gfissendenbg@webmd.com,Male,110.148.157.68
414,Othelia,Jelks,ojelksbh@theguardian.com,Female,152.104.157.240
415,Hinze,Waszkiewicz,hwaszkiewiczbi@mail.ru,Male,145.52.57.131
416,Cart,Shaplin,cshaplinbj@imgur.com,Male,7.55.250.86
417,Maritsa,Grennan,mgrennanbk@dropbox.com,Female,192.252.235.218
418,Vanya,Schenkel,vschenkelbl@a8.net,Female,181.19.228.179
419,Alfie,Farrier,afarrierbm@irs.gov,Female,60.80.17.232
420,Tabb,Gething,tgethingbn@globo.com,Male,247.182.67.70
421,Cosetta,Poundsford,cpoundsfordbo@51.la,Female,233.195.244.70
422,Tess,Urlin,turlinbp@accuweather.com,Female,7.159.147.202
423,Byrann,Andreacci,bandreaccibq@webmd.com,Male,114.202.117.37
424,Langston,Poynter,lpoynterbr@soup.io,Male,46.50.240.153
425,Woodie,Sulter,wsulterbs@uiuc.edu,Male,80.218.134.86
426,Phillip,Gothard,pgothardbt@live.com,Male,123.13.146.45
427,Yvor,Menham,ymenhambu@home.pl,Male,80.68.35.234
428,Maggee,Toppin,mtoppinbv@nps.gov,Female,26.188.233.142
429,Mellicent,Castagneri,mcastagneribw@youku.com,Female,131.73.44.251
430,Willi,Atkyns,watkynsbx@blogtalkradio.com,Male,251.191.117.90
431,Nariko,Gobell,ngobellby@princeton.edu,Female,134.76.249.210
432,Jillene,Smullin,jsmullinbz@whitehouse.gov,Female,84.92.51.143
433,Nevsa,McRinn,nmcrinnc0@istockphoto.com,Female,52.234.122.126
434,Valina,Detloff,vdetloffc1@odnoklassniki.ru,Female,20.243.48.67
435,Leroy,Andreasson,landreassonc2@1und1.de,Male,186.176.62.217
436,Aguie,Deekes,adeekesc3@cbc.ca,Male,215.237.204.184
437,Marthena,Belliard,mbelliardc4@nyu.edu,Female,162.248.43.33
438,Phillida,de Aguirre,pdeaguirrec5@nymag.com,Female,201.248.250.65
439,Tiffy,Bampkin,tbampkinc6@chronoengine.com,Female,111.168.246.210
440,Ramsey,Meyer,rmeyerc7@mlb.com,Male,153.76.201.22
441,Thorpe,LaBastida,tlabastidac8@mapquest.com,Male,121.219.123.170
442,Iseabal,Prendiville,iprendivillec9@delicious.com,Female,212.116.151.121
443,Rodi,McGeagh,rmcgeaghca@gmpg.org,Female,131.142.180.133
444,Murdoch,Syne,msynecb@ucla.edu,Male,39.159.16.160
445,Clareta,MacAlpin,cmacalpincc@fema.gov,Female,59.255.60.88
446,Florencia,Dallicott,fdallicottcd@china.com.cn,Female,137.195.98.145
447,Lanie,Allcock,lallcockce@shutterfly.com,Male,147.144.0.42
448,Buiron,Celand,bcelandcf@cbsnews.com,Male,245.114.43.241
449,Codi,Audibert,caudibertcg@jugem.jp,Female,27.115.192.145
450,Wilmar,Ramshaw,wramshawch@engadget.com,Male,107.209.58.230
451,Jackquelin,Kubatsch,jkubatschci@hibu.com,Female,81.93.131.108
452,Reynolds,Wrought,rwroughtcj@typepad.com,Male,184.225.202.83
453,Arvin,Ormshaw,aormshawck@w3.org,Male,227.181.55.232
454,Curtis,Novichenko,cnovichenkocl@seattletimes.com,Male,245.104.55.24
455,Reinhold,Gilfoy,rgilfoycm@google.co.jp,Male,47.86.70.105
456,Magdalene,Cottie,mcottiecn@hp.com,Female,10.35.167.209
457,Coleman,Bernakiewicz,cbernakiewiczco@kickstarter.com,Male,109.201.48.33
458,Maryl,Dorsett,mdorsettcp@mashable.com,Female,38.34.19.68
459,Ingmar,Patters,ipatterscq@chicagotribune.com,Male,45.68.120.82
460,Shaina,Amdohr,samdohrcr@privacy.gov.au,Female,83.199.89.81
461,Jon,Schollar,jschollarcs@multiply.com,Male,175.48.47.171
462,Tine,Titcom,ttitcomct@comsenz.com,Female,51.109.241.141
463,Skelly,Everly,severlycu@blogger.com,Male,203.105.131.152
464,Byrle,Desesquelle,bdesesquellecv@cbslocal.com,Male,93.46.188.115
465,Ron,Muge,rmugecw@alexa.com,Male,35.240.60.244
466,Kimbell,Dooher,kdoohercx@rakuten.co.jp,Male,88.44.134.21
467,Issie,Weth,iwethcy@jimdo.com,Female,132.193.241.78
468,Tallie,Butchart,tbutchartcz@hibu.com,Male,105.35.241.136
469,Caspar,Scrooby,cscroobyd0@ask.com,Male,79.157.4.230
470,Tandi,Emblen,temblend1@bluehost.com,Female,86.127.4.58
471,Ernest,Lyst,elystd2@digg.com,Male,78.125.121.235
472,Patience,Walkden,pwalkdend3@independent.co.uk,Female,11.72.179.210
473,Curcio,Penrose,cpenrosed4@reverbnation.com,Male,71.195.116.237
474,Anne-marie,Nanni,anannid5@bluehost.com,Female,101.1.142.244
475,Zabrina,Sheryn,zsherynd6@hubpages.com,Female,83.147.135.64
476,Sherie,Winslet,swinsletd7@cornell.edu,Female,63.3.136.172
477,Vasilis,Matthesius,vmatthesiusd8@gnu.org,Male,52.161.89.39
478,Evangelin,O'Hare,eohared9@meetup.com,Female,62.68.89.152
479,Dell,Brown,dbrownda@apple.com,Male,143.212.40.199
480,Nichols,Ayscough,nayscoughdb@trellian.com,Male,53.57.28.79
481,Daisey,Climar,dclimardc@xing.com,Female,197.114.48.116
482,Prinz,McWhin,pmcwhindd@list-manage.com,Male,8.188.121.147
483,Torey,Soff,tsoffde@lulu.com,Male,205.213.33.42
484,Genny,Danilyuk,gdanilyukdf@mapy.cz,Female,101.163.223.148
485,Mirabelle,Dilliston,mdillistondg@shop-pro.jp,Female,116.207.135.198
486,Krispin,Murrells,kmurrellsdh@mayoclinic.com,Male,176.226.151.104
487,Vernen,St. Quintin,vstquintindi@last.fm,Male,189.23.209.24
488,Kendal,Dicks,kdicksdj@disqus.com,Male,230.7.127.145
489,Bevin,Eakeley,beakeleydk@omniture.com,Male,235.79.129.208
490,Ossie,Sellman,osellmandl@independent.co.uk,Male,39.0.106.35
491,Katharina,Di Biasi,kdibiasidm@ocn.ne.jp,Female,28.175.50.170
492,Byran,Rambadt,brambadtdn@yahoo.co.jp,Male,121.187.90.147
493,Almeda,Vane,avanedo@miibeian.gov.cn,Female,37.167.113.60
494,Becca,Litzmann,blitzmanndp@gravatar.com,Female,181.224.103.78
495,Trumann,Jurgensen,tjurgensendq@umn.edu,Male,128.51.13.224
496,Thadeus,Roft,troftdr@about.me,Male,6.215.153.90
497,Bobbie,Hundy,bhundyds@flavors.me,Female,220.61.73.4
498,Kippar,Snelle,ksnelledt@amazon.com,Male,248.26.236.40
499,Morly,Quickenden,mquickendendu@opera.com,Male,253.19.130.136
500,Georgianna,Woolaghan,gwoolaghandv@constantcontact.com,Female,93.68.32.195
501,Lacy,Rapkins,lrapkinsdw@comsenz.com,Female,138.229.96.139
502,Hendrik,Ballantine,hballantinedx@slate.com,Male,242.235.69.182
503,Jacques,Lepope,jlepopedy@com.com,Male,13.199.69.255
504,Merla,McKune,mmckunedz@answers.com,Female,203.237.247.170
505,Kailey,Sherreard,ksherrearde0@ocn.ne.jp,Female,133.171.230.241
506,Coreen,Turn,cturne1@imgur.com,Female,121.13.50.27
507,Manny,Choke,mchokee2@prweb.com,Male,240.174.168.62
508,Marquita,Delmonti,mdelmontie3@elegantthemes.com,Female,8.10.220.68
509,Linea,Ommundsen,lommundsene4@toplist.cz,Female,56.212.223.241
510,Kaye,Wylam,kwylame5@wiley.com,Female,250.143.227.158
511,Hagen,Hector,hhectore6@unicef.org,Male,182.125.133.39
512,Gillian,Veale,gvealee7@businessweek.com,Female,145.23.78.132
513,Bernie,Bamlett,bbamlette8@issuu.com,Female,142.40.80.52
514,Mendy,Paternoster,mpaternostere9@delicious.com,Male,217.36.190.20
515,Rhea,Lownsbrough,rlownsbroughea@wunderground.com,Female,117.23.121.77
516,Ephrem,Van den Dael,evandendaeleb@ameblo.jp,Male,127.232.32.215
517,Morly,Sturr,msturrec@jugem.jp,Male,237.171.5.83
518,Trueman,Dive,tdiveed@mozilla.org,Male,239.95.87.184
519,Teodoro,Eddow,teddowee@wsj.com,Male,147.243.137.215
520,Ruperta,Vlahos,rvlahosef@wp.com,Female,68.106.196.121
521,Anita,Crevy,acrevyeg@nsw.gov.au,Female,141.89.236.72
522,Bethany,Marcinkus,bmarcinkuseh@answers.com,Female,196.4.249.228
523,Ashton,Drewell,adrewellei@linkedin.com,Male,57.68.226.244
524,Jemmie,Scrivens,jscrivensej@nifty.com,Female,16.124.65.156
525,Rriocard,Moncey,rmonceyek@ebay.com,Male,154.208.168.243
526,Calv,McKellen,cmckellenel@cpanel.net,Male,41.171.170.209
527,Ezekiel,Branson,ebransonem@taobao.com,Male,50.139.218.47
528,Raimund,Trickey,rtrickeyen@1und1.de,Male,243.123.42.77
529,Hamilton,Grisbrook,hgrisbrookeo@webnode.com,Male,184.248.233.189
530,Bartholomeo,Bazylets,bbazyletsep@woothemes.com,Male,158.242.184.141
531,Tremain,Geal,tgealeq@house.gov,Male,155.80.118.81
532,Laurie,Swadling,lswadlinger@wufoo.com,Male,209.252.137.118
533,Benedict,Scarman,bscarmanes@biblegateway.com,Male,13.1.37.230
534,Gerianne,Cordobes,gcordobeset@ucsd.edu,Female,69.223.40.118
535,Cecil,Hobden,chobdeneu@google.com.hk,Female,219.71.102.103
536,Marietta,Giffkins,mgiffkinsev@blog.com,Male,76.194.242.0
537,Fabio,Cousin,fcousinew@bloglovin.com,Male,45.147.49.7
538,Catlaina,Zimek,czimekex@networksolutions.com,Female,25.40.16.11
539,Wendy,Perell,wperelley@digg.com,Female,192.202.239.180
540,Britta,Aishford,baishfordez@loc.gov,Female,30.22.63.230
541,Erl,Slany,eslanyf0@linkedin.com,Male,176.236.13.172
542,Jamesy,Abrahamovitz,jabrahamovitzf1@aboutads.info,Male,130.178.40.181
543,Flemming,Joao,fjoaof2@yahoo.co.jp,Male,109.67.45.64
544,Paddie,Hindenburg,phindenburgf3@upenn.edu,Male,228.205.95.158
545,Irving,Lamasna,ilamasnaf4@sohu.com,Male,246.219.232.134
546,Bambie,Refford,breffordf5@google.cn,Female,142.236.43.37
547,Joe,Lyddiatt,jlyddiattf6@blogtalkradio.com,Male,171.197.151.82
548,Dukey,Bartleman,dbartlemanf7@nymag.com,Male,126.188.23.49
549,Coop,Caulder,ccaulderf8@toplist.cz,Male,14.235.94.23
550,Florian,Wixey,fwixeyf9@goo.gl,Male,172.12.39.42
551,Lock,Woollcott,lwoollcottfa@npr.org,Male,199.70.124.111
552,Hillard,Hainey,hhaineyfb@google.co.jp,Male,97.164.40.148
553,Berthe,Warstall,bwarstallfc@reference.com,Female,95.182.104.106
554,Issi,Hartzog,ihartzogfd@usnews.com,Female,251.253.208.116
555,Andres,Kelinge,akelingefe@cam.ac.uk,Male,218.255.251.91
556,Christine,Benedikt,cbenediktff@deviantart.com,Female,142.151.79.65
557,Lucio,Tuckie,ltuckiefg@google.de,Male,208.194.113.49
558,Kevin,Rontsch,krontschfh@howstuffworks.com,Male,78.198.224.123
559,Jaquith,Lacrouts,jlacroutsfi@paginegialle.it,Female,155.63.7.113
560,Earvin,MacDowall,emacdowallfj@reference.com,Male,248.183.223.151
561,Derrek,Girling,dgirlingfk@hhs.gov,Male,153.115.141.51
562,Marleen,Curless,mcurlessfl@earthlink.net,Female,204.213.190.174
563,Sile,Beech,sbeechfm@ox.ac.uk,Female,203.166.187.63
564,Alexio,Camellini,acamellinifn@msn.com,Male,159.243.144.247
565,Gilberte,Torbett,gtorbettfo@sun.com,Female,6.59.11.225
566,Sherri,Doeg,sdoegfp@state.tx.us,Female,164.230.32.158
567,Bertha,Hilley,bhilleyfq@creativecommons.org,Female,4.195.220.224
568,Darleen,Smalley,dsmalleyfr@unesco.org,Female,7.40.177.155
569,Parnell,Stretton,pstrettonfs@amazon.co.jp,Male,104.127.8.199
570,Harman,Pirri,hpirrift@dailymail.co.uk,Male,234.165.30.221
571,Maddi,Gerardi,mgerardifu@cafepress.com,Female,95.44.93.101
572,Kelbee,MacRirie,kmacririefv@newyorker.com,Male,98.15.167.56
573,Aubrey,Kersaw,akersawfw@digg.com,Male,145.198.141.227
574,Casey,Yakunkin,cyakunkinfx@npr.org,Female,24.39.50.119
575,Bruce,Brodest,bbrodestfy@weibo.com,Male,171.152.113.44
576,Elsworth,Bubbins,ebubbinsfz@spotify.com,Male,44.140.212.124
577,Ber,Ecles,beclesg0@wordpress.org,Male,227.100.203.86
578,Ilaire,Creasey,icreaseyg1@oaic.gov.au,Male,68.168.195.243
579,Paule,Bowry,pbowryg2@topsy.com,Female,97.155.43.77
580,Gage,Dobrovolny,gdobrovolnyg3@bravesites.com,Male,14.158.182.202
581,Raddy,Haslehurst,rhaslehurstg4@squarespace.com,Male,20.146.15.7
582,Caritta,Gason,cgasong5@ustream.tv,Female,61.229.16.37
583,Antonina,MacCheyne,amaccheyneg6@nymag.com,Female,49.74.157.237
584,Reid,O'Meara,romearag7@meetup.com,Male,193.5.29.96
585,Curtis,Labusquiere,clabusquiereg8@wikimedia.org,Male,218.197.3.220
586,Karly,Alliot,kalliotg9@redcross.org,Female,223.246.20.201
587,Calhoun,Vescovini,cvescoviniga@comcast.net,Male,252.21.85.244
588,Ron,Roseburgh,rroseburghgb@t-online.de,Male,251.123.196.25
589,Kristien,Kruschov,kkruschovgc@yahoo.com,Female,123.189.8.42
590,Natty,Frayn,nfrayngd@cbsnews.com,Female,121.42.205.78
591,Glenn,Dibbs,gdibbsge@shareasale.com,Male,193.67.124.194
592,Gabby,Jacomb,gjacombgf@wired.com,Male,110.197.204.188
593,Valdemar,Kisbey,vkisbeygg@surveymonkey.com,Male,56.10.39.43
594,Johny,Bend,jbendgh@phoca.cz,Male,63.30.207.112
595,Wilbur,Stredwick,wstredwickgi@deviantart.com,Male,198.188.115.43
596,Tyler,Nester,tnestergj@noaa.gov,Male,201.95.12.49
597,Alexandro,Caush,acaushgk@cbsnews.com,Male,238.7.225.59
598,Margaretha,Juan,mjuangl@soup.io,Female,153.73.168.214
599,Danyelle,Aronoff,daronoffgm@blogger.com,Female,22.146.142.214
600,Marlo,Aphale,maphalegn@simplemachines.org,Male,88.230.252.240
601,Xymenes,Martin,xmartingo@slate.com,Male,65.72.181.206
602,Sallie,Beauchop,sbeauchopgp@cocolog-nifty.com,Female,211.3.108.75
603,Devan,Worpole,dworpolegq@vimeo.com,Female,126.81.0.58
604,Ezekiel,Hannaford,ehannafordgr@edublogs.org,Male,252.25.121.96
605,Chick,Attfield,cattfieldgs@nature.com,Male,76.48.55.87
606,Lindsay,Flowitt,lflowittgt@mashable.com,Female,152.191.211.132
607,Cecilio,Village,cvillagegu@tmall.com,Male,150.222.167.45
608,Lukas,Skeemer,lskeemergv@yahoo.com,Male,33.20.126.198
609,Lory,Wingatt,lwingattgw@blog.com,Female,142.246.75.6
610,Emile,Triplet,etripletgx@pagesperso-orange.fr,Male,22.103.163.72
611,Griswold,Whooley,gwhooleygy@cnbc.com,Male,214.123.217.151
612,Pamella,Riehm,priehmgz@reverbnation.com,Female,252.162.82.209
613,Guenevere,Laviste,glavisteh0@ehow.com,Female,60.28.41.155
614,Marabel,Trematick,mtrematickh1@ft.com,Female,23.33.164.196
615,Morey,Chitham,mchithamh2@shinystat.com,Male,25.8.142.138
616,Ephrayim,Denkel,edenkelh3@about.me,Male,201.134.155.109
617,Wanids,Renackowna,wrenackownah4@mediafire.com,Female,35.193.113.195
618,Glynn,Wenderoth,gwenderothh5@comcast.net,Male,91.112.52.37
619,Carlin,Caseri,ccaserih6@columbia.edu,Female,77.213.197.230
620,Jule,O'Roan,joroanh7@webnode.com,Male,151.15.229.112
621,Northrop,Gourley,ngourleyh8@arizona.edu,Male,134.213.36.43
622,Wye,O'Lehane,wolehaneh9@howstuffworks.com,Male,155.33.113.113
623,Loreen,Earland,learlandha@printfriendly.com,Female,206.72.94.102
624,Janis,Leask,jleaskhb@unicef.org,Female,33.96.241.161
625,Cathee,Gealle,cgeallehc@networkadvertising.org,Female,18.239.88.6
626,Lurline,Piperley,lpiperleyhd@t-online.de,Female,116.53.153.225
627,Zebedee,Kyrkeman,zkyrkemanhe@army.mil,Male,245.21.183.112
628,Bryant,Scoines,bscoineshf@blogs.com,Male,27.9.112.227
629,Joella,Kondratyuk,jkondratyukhg@cam.ac.uk,Female,243.166.212.95
630,Winifred,Mole,wmolehh@java.com,Female,52.19.169.75
631,Finlay,Napier,fnapierhi@slate.com,Male,194.111.14.226
632,Herschel,Smeath,hsmeathhj@narod.ru,Male,9.211.106.46
633,Dwain,Nijs,dnijshk@google.co.uk,Male,210.21.115.167
634,Gay,Hegerty,ghegertyhl@eventbrite.com,Female,186.17.219.156
635,Hanni,Kinsey,hkinseyhm@hugedomains.com,Female,148.180.30.61
636,Cynthea,Dermot,cdermothn@who.int,Female,248.61.5.233
637,Eward,Albisser,ealbisserho@elegantthemes.com,Male,237.209.249.28
638,Syman,Maeer,smaeerhp@examiner.com,Male,125.118.153.165
639,Tyrus,Readwood,treadwoodhq@1und1.de,Male,165.59.29.148
640,Lenee,Davis,ldavishr@1und1.de,Female,184.142.57.164
641,Caitlin,Bryant,cbryanths@microsoft.com,Female,85.250.75.24
642,Dael,Ellingford,dellingfordht@rakuten.co.jp,Male,21.168.173.16
643,Trip,Laycock,tlaycockhu@sina.com.cn,Male,28.15.32.251
644,Kathy,Ida,kidahv@patch.com,Female,95.201.111.180
645,Sergei,Goslin,sgoslinhw@networkadvertising.org,Male,251.181.43.147
646,Bernadene,Segges,bseggeshx@wix.com,Female,22.93.214.113
647,Glendon,Knightsbridge,gknightsbridgehy@ebay.com,Male,127.72.177.160
648,Lina,Hambly,lhamblyhz@people.com.cn,Female,184.64.129.68
649,Judi,Fawdrey,jfawdreyi0@google.ru,Female,6.150.235.155
650,Klemens,Mayall,kmayalli1@deliciousdays.com,Male,181.5.72.96
651,Chrisse,Sommerled,csommerledi2@sourceforge.net,Male,74.46.98.218
652,Jim,Koppelmann,jkoppelmanni3@scribd.com,Male,172.31.168.192
653,Audry,Clemendot,aclemendoti4@moonfruit.com,Female,198.206.249.166
654,Matilda,Mangeon,mmangeoni5@opensource.org,Female,116.241.151.158
655,Bryan,Bemlott,bbemlotti6@weebly.com,Male,142.96.251.26
656,Arnie,Fane,afanei7@chronoengine.com,Male,0.186.138.214
657,Udall,Scopyn,uscopyni8@vistaprint.com,Male,167.187.154.53
658,Lucille,Carvell,lcarvelli9@alexa.com,Female,224.60.42.49
659,Illa,Boulden,ibouldenia@facebook.com,Female,6.181.255.47
660,Clarence,Vido,cvidoib@unesco.org,Male,225.143.110.186
661,Fraze,Offord,foffordic@webs.com,Male,138.47.151.75
662,Kelly,Bavage,kbavageid@cbc.ca,Male,106.55.89.175
663,Rodrick,Cosh,rcoshie@sphinn.com,Male,216.75.135.1
664,Laird,Poolton,lpooltonif@scribd.com,Male,83.60.62.142
665,Alia,Coop,acoopig@eepurl.com,Female,17.227.253.183
666,Mariska,Bywaters,mbywatersih@mac.com,Female,168.28.127.80
667,Morganica,Duffield,mduffieldii@pbs.org,Female,223.29.2.209
668,Vinita,Chesworth,vchesworthij@google.com.hk,Female,14.39.166.24
669,Peria,Sandifer,psandiferik@deliciousdays.com,Female,159.153.158.72
670,Karney,Sorton,ksortonil@cisco.com,Male,88.29.204.73
671,Agretha,Vickress,avickressim@theatlantic.com,Female,125.241.153.135
672,Gabriela,Blodgetts,gblodgettsin@posterous.com,Female,106.169.64.112
673,Myriam,Tapton,mtaptonio@aboutads.info,Female,155.144.84.82
674,Kacy,Coye,kcoyeip@soundcloud.com,Female,106.236.113.187
675,Phaedra,Brislan,pbrislaniq@mlb.com,Female,80.214.187.5
676,Cindy,Fincher,cfincherir@sogou.com,Female,86.119.144.220
677,Jone,McOwen,jmcowenis@auda.org.au,Male,197.243.209.59
678,Steffen,Kittles,skittlesit@twitter.com,Male,50.56.154.77
679,Jarret,Hinzer,jhinzeriu@indiatimes.com,Male,159.228.113.11
680,Mikey,McNern,mmcnerniv@simplemachines.org,Male,132.3.14.179
681,Zebadiah,Hugueville,zhuguevilleiw@europa.eu,Male,207.109.246.181
682,Zondra,Gosby,zgosbyix@accuweather.com,Female,160.223.148.63
683,Enrichetta,Pietri,epietriiy@shop-pro.jp,Female,204.122.138.171
684,Clem,Gilphillan,cgilphillaniz@berkeley.edu,Female,72.61.224.246
685,Merrielle,Maciaszczyk,mmaciaszczykj0@webeden.co.uk,Female,35.167.85.1
686,Kinna,Kuban,kkubanj1@dagondesign.com,Female,178.200.157.56
687,Gilburt,Bodle,gbodlej2@phpbb.com,Male,140.224.253.83
688,Kassi,Mansel,kmanselj3@google.it,Female,52.66.217.98
689,Dominique,Spall,dspallj4@plala.or.jp,Male,56.14.17.113
690,Estevan,Bovis,ebovisj5@economist.com,Male,191.199.133.191
691,Filide,Simonot,fsimonotj6@answers.com,Female,80.48.180.216
692,Chloette,Bonelle,cbonellej7@hubpages.com,Female,87.89.181.230
693,Olwen,Coots,ocootsj8@admin.ch,Female,255.255.194.17
694,Ban,Gander,bganderj9@marketwatch.com,Male,164.90.127.248
695,Dionis,Leggen,dleggenja@accuweather.com,Female,48.3.36.231
696,Skell,Copyn,scopynjb@chicagotribune.com,Male,107.84.179.99
697,Lynna,Lugton,llugtonjc@google.co.jp,Female,159.64.14.228
698,Enrichetta,Dyte,edytejd@multiply.com,Female,148.185.224.178
699,Brockie,Elies,beliesje@example.com,Male,230.87.245.255
700,Pauli,Ivanichev,pivanichevjf@imageshack.us,Female,112.233.210.68
701,Noel,Cato,ncatojg@people.com.cn,Female,149.125.131.101
702,Dorena,Alejo,dalejojh@parallels.com,Female,134.116.248.104
703,Luis,Stoad,lstoadji@gravatar.com,Male,94.194.28.120
704,Cristobal,Blackhall,cblackhalljj@pinterest.com,Male,243.232.225.86
705,Otes,Towndrow,otowndrowjk@latimes.com,Male,11.139.29.102
706,Ham,Muzzall,hmuzzalljl@paypal.com,Male,92.207.114.20
707,Sigismondo,Ollington,sollingtonjm@sun.com,Male,142.81.244.218
708,Blondie,Simonutti,bsimonuttijn@barnesandnoble.com,Female,173.99.68.206
709,Bari,Gumm,bgummjo@dailymail.co.uk,Female,209.36.158.38
710,Gwyneth,Hanham,ghanhamjp@purevolume.com,Female,8.228.191.216
711,Brandice,Lockney,blockneyjq@sitemeter.com,Female,70.69.50.226
712,Valeria,Londesborough,vlondesboroughjr@icio.us,Female,236.20.20.29
713,Chiquita,Medhurst,cmedhurstjs@arizona.edu,Female,146.211.47.171
714,Loy,Wafer,lwaferjt@example.com,Male,21.136.35.13
715,Zebulen,Readie,zreadieju@desdev.cn,Male,150.31.27.88
716,Ermin,Rossbrook,erossbrookjv@imgur.com,Male,197.249.218.76
717,Pasquale,Jentle,pjentlejw@discuz.net,Male,81.117.138.119
718,Wendy,Danett,wdanettjx@pen.io,Female,51.230.89.251
719,Louie,Shorland,lshorlandjy@github.com,Male,144.143.187.143
720,Nelle,Mincini,nmincinijz@163.com,Female,201.211.228.23
721,Wald,Ottery,wotteryk0@facebook.com,Male,239.233.8.102
722,Alejandro,Gowthorpe,agowthorpek1@ucoz.ru,Male,232.234.57.109
723,Aline,O'Hoolahan,aohoolahank2@com.com,Female,14.174.22.197
724,Danni,Chappell,dchappellk3@tinyurl.com,Female,122.219.194.3
725,Michael,Harnetty,mharnettyk4@china.com.cn,Male,255.56.117.106
726,Salomon,Bourdis,sbourdisk5@google.com.au,Male,2.67.172.136
727,Gray,Hebson,ghebsonk6@telegraph.co.uk,Female,236.47.120.215
728,Terry,Golton,tgoltonk7@flickr.com,Male,90.208.91.181
729,Aleksandr,Carabet,acarabetk8@sciencedirect.com,Male,207.43.147.217
730,Nari,Boulter,nboulterk9@indiatimes.com,Female,241.153.125.198
731,Henri,Tithecott,htithecottka@shinystat.com,Male,213.64.125.212
732,Sayre,McGann,smcgannkb@wordpress.com,Male,199.111.47.181
733,Jarad,Snaith,jsnaithkc@about.me,Male,5.195.64.62
734,Elisabet,Harbord,eharbordkd@biglobe.ne.jp,Female,114.155.218.251
735,Roberto,Chafer,rchaferke@nba.com,Male,249.14.133.180
736,Stormie,Younge,syoungekf@qq.com,Female,62.48.254.29
737,Falito,Mounch,fmounchkg@example.com,Male,67.116.91.78
738,Joseito,Aucourte,jaucourtekh@last.fm,Male,96.123.160.86
739,Sergio,De Simoni,sdesimoniki@netscape.com,Male,91.115.203.1
740,Cassondra,Hammersley,chammersleykj@drupal.org,Female,194.236.89.36
741,Normand,Finders,nfinderskk@skyrock.com,Male,241.167.152.59
742,Antonino,Cosgrave,acosgravekl@mlb.com,Male,71.238.56.70
743,Valma,Vonderdell,vvonderdellkm@goodreads.com,Female,176.69.118.148
744,Immanuel,Boldison,iboldisonkn@va.gov,Male,113.29.84.161
745,Raven,Kesteven,rkestevenko@army.mil,Female,198.84.108.190
746,Gloriane,Garlette,ggarlettekp@umich.edu,Female,175.91.175.17
747,Frederick,Niemiec,fniemieckq@buzzfeed.com,Male,250.21.83.225
748,Serene,Colqueran,scolquerankr@telegraph.co.uk,Female,98.160.7.2
749,Fiorenze,Rosenkranc,frosenkrancks@pagesperso-orange.fr,Female,145.162.183.74
750,Neille,Holston,nholstonkt@amazon.de,Female,221.49.189.56
751,Raymund,Walsom,rwalsomku@timesonline.co.uk,Male,252.106.75.233
752,Coleen,Gandy,cgandykv@soup.io,Female,235.113.111.232
753,Cynthia,Chiplen,cchiplenkw@sbwire.com,Female,112.246.219.38
754,Gwenni,Maasz,gmaaszkx@intel.com,Female,169.168.54.75
755,Nanete,Urlin,nurlinky@google.es,Female,225.236.250.244
756,Laney,Bewshaw,lbewshawkz@360.cn,Male,225.70.35.250
757,Alverta,Cerro,acerrol0@acquirethisname.com,Female,169.17.207.118
758,Horst,Coultous,hcoultousl1@biblegateway.com,Male,16.61.237.155
759,Rochette,Redmell,rredmelll2@t-online.de,Female,97.124.74.38
760,Rowena,Abendroth,rabendrothl3@biglobe.ne.jp,Female,44.155.70.167
761,Gothart,Gonsalvo,ggonsalvol4@networksolutions.com,Male,225.226.243.95
762,Palmer,Ventum,pventuml5@de.vu,Male,190.163.59.136
763,Levy,Freund,lfreundl6@qq.com,Male,97.216.249.167
764,Luca,Cotherill,lcotherilll7@t-online.de,Male,222.121.147.161
765,Indira,Nickoll,inickolll8@wordpress.com,Female,187.24.164.96
766,Towney,Lord,tlordl9@jalbum.net,Male,130.219.41.180
767,Larine,Paddington,lpaddingtonla@amazon.co.jp,Female,215.209.154.209
768,Ode,Egentan,oegentanlb@chicagotribune.com,Male,250.217.126.103
769,Marice,Trace,mtracelc@cnn.com,Female,215.10.70.49
770,Law,Cuvley,lcuvleyld@oaic.gov.au,Male,89.89.61.25
771,Max,Lammers,mlammersle@g.co,Male,192.238.208.237
772,Roselin,Mushawe,rmushawelf@php.net,Female,144.144.77.108
773,Silvia,Vail,svaillg@yelp.com,Female,57.251.247.35
774,Thadeus,Crabtree,tcrabtreelh@flavors.me,Male,221.142.175.146
775,Chadwick,Ziem,cziemli@alibaba.com,Male,241.95.24.15
776,Dale,Morriarty,dmorriartylj@gmpg.org,Female,61.205.107.143
777,Zarla,Nipper,znipperlk@shareasale.com,Female,77.254.53.225
778,Albertine,Possa,apossall@booking.com,Female,57.19.101.75
779,Colas,Coytes,ccoyteslm@indiatimes.com,Male,127.244.131.255
780,Jany,Goodright,jgoodrightln@vistaprint.com,Female,58.9.42.172
781,Aldridge,Woolway,awoolwaylo@google.fr,Male,49.206.221.240
782,Linnea,Mullaly,lmullalylp@cisco.com,Female,45.30.183.192
783,Upton,Dinan,udinanlq@un.org,Male,193.80.170.26
784,Giusto,Bonifacio,gbonifaciolr@squarespace.com,Male,167.67.192.142
785,Carolynn,Cockling,ccocklingls@sun.com,Female,29.235.81.21
786,Talbot,Szreter,tszreterlt@rambler.ru,Male,19.33.84.219
787,Miran,Crust,mcrustlu@skyrock.com,Female,152.74.148.97
788,Brooks,Hairyes,bhairyeslv@wiley.com,Male,57.58.5.198
789,Eddie,Botting,ebottinglw@privacy.gov.au,Female,93.37.39.8
790,Nat,O' Shea,noshealx@ocn.ne.jp,Male,48.129.67.63
791,Robbert,Clancey,rclanceyly@uiuc.edu,Male,64.65.125.165
792,Clifford,Sheal,csheallz@livejournal.com,Male,102.11.97.228
793,Ellswerth,Harmour,eharmourm0@bigcartel.com,Male,45.111.45.31
794,Noak,Chipp,nchippm1@joomla.org,Male,96.139.115.224
795,Nomi,Greengrass,ngreengrassm2@mysql.com,Female,58.93.210.215
796,Shana,Mochar,smocharm3@google.com,Female,247.213.67.53
797,Jon,Erskine,jerskinem4@huffingtonpost.com,Male,199.240.215.128
798,Gilburt,Hordell,ghordellm5@fotki.com,Male,191.176.147.182
799,Laverna,Trustram,ltrustramm6@oracle.com,Female,64.196.4.108
800,Kile,Cowlin,kcowlinm7@51.la,Male,110.92.255.57
801,Dar,Greated,dgreatedm8@github.com,Male,75.21.149.159
802,Shelli,Reeme,sreemem9@51.la,Female,167.178.223.188
803,Katinka,Sperry,ksperryma@youtu.be,Female,94.135.95.23
804,Zandra,Piff,zpiffmb@360.cn,Female,48.114.140.189
805,Daffy,Goodbur,dgoodburmc@cnet.com,Female,159.229.87.101
806,Bronny,Keele,bkeelemd@biglobe.ne.jp,Male,210.55.75.228
807,Sofia,Frears,sfrearsme@hp.com,Female,66.96.96.9
808,Valery,O'Lagene,volagenemf@yandex.ru,Female,150.60.194.228
809,Kiah,Rulf,krulfmg@wordpress.com,Female,21.113.31.33
810,Bertram,Izakson,bizaksonmh@comsenz.com,Male,111.117.209.23
811,Brooke,Stegel,bstegelmi@oaic.gov.au,Male,247.186.34.227
812,Terry,Dishmon,tdishmonmj@nps.gov,Male,201.95.212.250
813,Alecia,Sedgemore,asedgemoremk@intel.com,Female,68.46.100.118
814,Dulcea,Lucey,dluceyml@businessinsider.com,Female,219.55.222.220
815,Welby,Liff,wliffmm@smh.com.au,Male,83.75.29.33
816,Dewitt,Dinnington,ddinningtonmn@storify.com,Male,50.138.246.122
817,Douglass,Riddington,driddingtonmo@networkadvertising.org,Male,93.153.116.198
818,Danya,Rablen,drablenmp@dion.ne.jp,Male,137.148.42.75
819,Farrell,LaBastida,flabastidamq@com.com,Male,216.20.185.228
820,Lib,Tugman,ltugmanmr@sphinn.com,Female,167.166.2.16
821,Yance,Urvoy,yurvoyms@businessinsider.com,Male,208.238.75.108
822,Domingo,Graber,dgrabermt@surveymonkey.com,Male,239.26.140.153
823,Joyann,Reynalds,jreynaldsmu@earthlink.net,Female,205.99.189.53
824,Carmelia,Christian,cchristianmv@globo.com,Female,29.19.153.208
825,Judie,Wicks,jwicksmw@imgur.com,Female,205.0.234.7
826,Waldon,Tyzack,wtyzackmx@e-recht24.de,Male,60.4.52.94
827,Danila,Eberle,deberlemy@nationalgeographic.com,Female,73.55.233.222
828,Trev,Exposito,texpositomz@topsy.com,Male,33.164.46.196
829,Linette,Krystof,lkrystofn0@blogspot.com,Female,32.106.198.112
830,Michele,Burton,mburtonn1@chicagotribune.com,Male,139.12.86.73
831,Vern,Davidovic,vdavidovicn2@mozilla.com,Male,138.156.189.221
832,Becki,Runnacles,brunnaclesn3@abc.net.au,Female,182.2.137.210
833,Eustace,Giberd,egiberdn4@sfgate.com,Male,36.48.185.107
834,Berk,Brake,bbraken5@icio.us,Male,70.8.31.53
835,Hagen,Bent,hbentn6@jugem.jp,Male,162.79.206.225
836,Hersch,MacCart,hmaccartn7@over-blog.com,Male,152.35.171.127
837,Laurice,Treby,ltrebyn8@baidu.com,Female,243.229.197.100
838,Elmo,Saintsbury,esaintsburyn9@washingtonpost.com,Male,97.154.1.87
839,Eldon,Benzing,ebenzingna@oracle.com,Male,148.94.247.43
840,Alla,Middle,amiddlenb@wix.com,Female,11.182.233.161
841,Pet,Gascoine,pgascoinenc@nature.com,Female,94.107.65.34
842,Ramsey,Sherburn,rsherburnnd@technorati.com,Male,30.175.53.32
843,Nelly,Kubiczek,nkubiczekne@hubpages.com,Female,130.116.197.8
844,Charlie,Taplow,ctaplownf@netscape.com,Male,192.93.53.238
845,Isobel,Arnaldi,iarnalding@indiatimes.com,Female,36.173.145.241
846,Mindy,Barrowcliff,mbarrowcliffnh@newsvine.com,Female,167.37.248.152
847,Richmound,Bremner,rbremnerni@blogspot.com,Male,25.42.219.81
848,Maxwell,Le Bosse,mlebossenj@mozilla.com,Male,94.120.224.203
849,Yevette,Comelli,ycomellink@tinyurl.com,Female,199.23.231.206
850,Jessie,Leadbeatter,jleadbeatternl@goo.gl,Male,206.21.226.197
851,Paulie,Barracks,pbarracksnm@businessweek.com,Male,190.49.39.130
852,Haleigh,Gercke,hgerckenn@reference.com,Male,238.80.192.3
853,Lionel,De Giorgio,ldegiorgiono@de.vu,Male,0.103.245.137
854,Gustavo,Deavin,gdeavinnp@cbslocal.com,Male,20.209.222.59
855,Arlinda,Dolden,adoldennq@forbes.com,Female,193.50.56.161
856,Ariel,McRory,amcrorynr@adobe.com,Male,245.169.5.235
857,Bernardina,Killock,bkillockns@nationalgeographic.com,Female,173.244.236.217
858,Willyt,Vasyutochkin,wvasyutochkinnt@adobe.com,Female,252.53.140.222
859,Virginie,Gheeorghie,vgheeorghienu@merriam-webster.com,Female,40.49.146.180
860,Ibrahim,Haire,ihairenv@nhs.uk,Male,159.8.176.22
861,Matthew,Freddi,mfreddinw@blogspot.com,Male,145.229.125.153
862,Karlie,Bielfeldt,kbielfeldtnx@redcross.org,Female,198.207.6.150
863,Ax,Campaigne,acampaigneny@51.la,Male,168.155.62.206
864,Giffard,Naerup,gnaerupnz@psu.edu,Male,151.102.34.229
865,Monti,Yuranovev,myuranovevo0@amazon.co.uk,Male,71.162.218.25
866,Shae,Fausch,sfauscho1@exblog.jp,Female,245.250.4.241
867,Bridgette,Sauvage,bsauvageo2@slate.com,Female,133.64.73.142
868,Marlane,Castanaga,mcastanagao3@google.it,Female,249.94.4.154
869,Leonidas,Pitchford,lpitchfordo4@cafepress.com,Male,188.5.125.167
870,Chloette,Barroux,cbarrouxo5@weather.com,Female,63.85.203.122
871,Jehu,Beavors,jbeavorso6@booking.com,Male,33.124.120.199
872,Gerrard,Letessier,gletessiero7@yellowpages.com,Male,28.150.170.215
873,Michail,Douch,mdoucho8@amazon.de,Male,83.35.180.19
874,Berte,Baignard,bbaignardo9@loc.gov,Female,57.249.63.229
875,Brena,Josifovic,bjosifovicoa@fda.gov,Female,11.219.238.3
876,Win,Clapperton,wclappertonob@over-blog.com,Male,235.36.75.253
877,Alex,Woffenden,awoffendenoc@reference.com,Male,206.243.223.114
878,Barbra,Rielly,briellyod@ihg.com,Female,92.82.69.204
879,Gleda,Loughton,gloughtonoe@webeden.co.uk,Female,47.30.176.123
880,Tadeo,Thexton,tthextonof@eventbrite.com,Male,208.224.41.243
881,Mikael,Vesque,mvesqueog@last.fm,Male,125.173.69.44
882,Cal,Roston,crostonoh@google.nl,Male,60.148.248.28
883,Estrellita,Guerola,eguerolaoi@cdbaby.com,Female,145.160.29.49
884,Gwendolen,Danilovitch,gdanilovitchoj@house.gov,Female,118.202.68.153
885,Bethanne,Houldcroft,bhouldcroftok@ed.gov,Female,109.89.218.186
886,Aleksandr,Ghio,aghiool@usgs.gov,Male,131.224.133.238
887,Byram,Yitzovitz,byitzovitzom@weebly.com,Male,204.43.162.126
888,Bev,Ketton,bkettonon@sohu.com,Male,171.91.72.1
889,Hoebart,Clew,hclewoo@webnode.com,Male,51.224.181.44
890,Cassandry,Sandland,csandlandop@elegantthemes.com,Female,251.222.158.78
891,Chen,Danielou,cdanielouoq@diigo.com,Male,204.19.131.243
892,Emelda,Ainsbury,eainsburyor@vinaora.com,Female,169.185.230.120
893,Nickolaus,Forlonge,nforlongeos@tmall.com,Male,123.120.43.156
894,Skip,Dukes,sdukesot@tiny.cc,Male,177.57.120.241
895,Tabby,Pideon,tpideonou@addthis.com,Male,200.229.193.13
896,Easter,Callaway,ecallawayov@washingtonpost.com,Female,152.250.75.37
897,Vin,Astall,vastallow@github.com,Male,105.120.71.38
898,Orion,Shimwall,oshimwallox@newsvine.com,Male,12.79.42.107
899,Wiatt,Welman,wwelmanoy@pinterest.com,Male,35.30.53.249
900,Shaw,MacKettrick,smackettrickoz@oakley.com,Male,65.73.130.220
901,Vlad,Lettice,vletticep0@disqus.com,Male,159.222.161.167
902,Erin,Raff,eraffp1@walmart.com,Male,28.147.103.169
903,Brendis,Burnall,bburnallp2@dion.ne.jp,Male,58.84.200.198
904,Theobald,Bowdrey,tbowdreyp3@theguardian.com,Male,98.166.144.104
905,Elbertine,Andre,eandrep4@intel.com,Female,233.82.98.67
906,Liesa,Casbon,lcasbonp5@yellowpages.com,Female,165.52.16.6
907,Rinaldo,Easterling,reasterlingp6@nationalgeographic.com,Male,230.26.45.230
908,Marsiella,Cornes,mcornesp7@ehow.com,Female,26.131.6.211
909,Rutherford,Leyshon,rleyshonp8@bandcamp.com,Male,87.88.182.147
910,Elvis,O'Luby,eolubyp9@1und1.de,Male,71.34.234.9
911,Marcille,McKeighen,mmckeighenpa@barnesandnoble.com,Female,89.42.155.33
912,Lisetta,Spatig,lspatigpb@topsy.com,Female,106.97.86.205
913,Avigdor,MacTrustey,amactrusteypc@ning.com,Male,192.216.95.145
914,Hendrick,Phelps,hphelpspd@accuweather.com,Male,244.251.225.100
915,Genevra,Hazart,ghazartpe@live.com,Female,163.41.113.52
916,Shermie,Kilbride,skilbridepf@geocities.com,Male,177.29.204.56
917,Friedrich,Craise,fcraisepg@wsj.com,Male,153.207.195.15
918,Ferdie,Czajkowska,fczajkowskaph@icq.com,Male,223.37.22.64
919,Pammy,Chafer,pchaferpi@newyorker.com,Female,165.177.194.68
920,Brewster,Trounce,btrouncepj@google.ru,Male,100.18.191.223
921,Dana,Metson,dmetsonpk@netvibes.com,Male,46.162.75.139
922,Maud,Robbert,mrobbertpl@cargocollective.com,Female,165.246.204.248
923,Nilson,Lindsay,nlindsaypm@mashable.com,Male,222.57.155.24
924,Arin,Dever,adeverpn@mediafire.com,Male,180.142.42.57
925,Carola,Turbat,cturbatpo@livejournal.com,Female,242.120.135.34
926,Rodger,Gippes,rgippespp@shinystat.com,Male,90.145.182.239
927,Joy,Giraudou,jgiraudoupq@chronoengine.com,Female,185.6.12.165
928,Farica,Bridgeland,fbridgelandpr@posterous.com,Female,142.219.103.8
929,Letisha,Gellion,lgellionps@delicious.com,Female,217.56.208.12
930,Lorraine,Ricold,lricoldpt@xing.com,Female,85.114.180.147
931,Dannel,Hegges,dheggespu@bluehost.com,Male,95.82.199.123
932,Levey,Heasman,lheasmanpv@sitemeter.com,Male,250.167.5.106
933,Jules,Dutteridge,jdutteridgepw@cloudflare.com,Male,220.247.3.56
934,Bernardo,Nockolds,bnockoldspx@twitter.com,Male,30.204.240.168
935,Anny,Pillington,apillingtonpy@drupal.org,Female,199.39.183.69
936,Keenan,Coaster,kcoasterpz@squarespace.com,Male,49.140.172.49
937,Harrison,Linder,hlinderq0@smugmug.com,Male,83.39.6.12
938,Katine,Wharton,kwhartonq1@edublogs.org,Female,3.161.178.135
939,Andrea,McLellan,amclellanq2@businesswire.com,Female,39.117.230.9
940,Rivi,Geffinger,rgeffingerq3@tinyurl.com,Female,188.86.1.56
941,Sutton,Moncrefe,smoncrefeq4@hhs.gov,Male,244.233.22.85
942,Niven,Swindells,nswindellsq5@reddit.com,Male,156.105.76.240
943,Tomi,Jedrysik,tjedrysikq6@biblegateway.com,Female,81.78.35.197
944,Klara,Olivello,kolivelloq7@mashable.com,Female,58.232.88.128
945,Nappy,Dwine,ndwineq8@ed.gov,Male,52.215.25.115
946,Cordy,Touret,ctouretq9@illinois.edu,Male,134.214.146.136
947,Tracy,Roskell,troskellqa@unc.edu,Female,63.78.132.99
948,Merill,Bonnesen,mbonnesenqb@howstuffworks.com,Male,22.101.58.67
949,Ainslee,Titterell,atitterellqc@arizona.edu,Female,138.117.56.47
950,Bernette,Laneham,blanehamqd@cbc.ca,Female,181.201.143.207
951,Isadore,Yurocjhin,iyurocjhinqe@taobao.com,Male,10.119.70.239
952,Derick,Goodlip,dgoodlipqf@virginia.edu,Male,138.234.87.55
953,Perren,Lugard,plugardqg@europa.eu,Male,160.151.200.74
954,Emmi,Piccop,epiccopqh@deviantart.com,Female,1.96.66.101
955,Cad,Alfonso,calfonsoqi@homestead.com,Male,179.123.165.109
956,Clemmy,Lucchi,clucchiqj@shutterfly.com,Male,103.124.139.52
957,Bone,Folshom,bfolshomqk@pagesperso-orange.fr,Male,73.50.171.237
958,Kathrine,Micco,kmiccoql@moonfruit.com,Female,54.6.249.162
959,Marlo,Bum,mbumqm@ftc.gov,Male,99.100.106.243
960,Karlie,Brazer,kbrazerqn@utexas.edu,Female,50.123.78.169
961,Carlos,Hrinchenko,chrinchenkoqo@si.edu,Male,116.2.127.9
962,Dulci,Biford,dbifordqp@newyorker.com,Female,72.215.48.99
963,Carree,Reiglar,creiglarqq@usnews.com,Female,63.190.69.39
964,Robbie,Ewestace,rewestaceqr@sourceforge.net,Male,155.85.225.109
965,Misha,Gorusso,mgorussoqs@youtu.be,Female,35.137.28.11
966,Rosemonde,McCerery,rmccereryqt@wp.com,Female,58.249.213.0
967,Lance,Kibbye,lkibbyequ@washingtonpost.com,Male,81.240.38.127
968,Keefe,Bradtke,kbradtkeqv@de.vu,Male,165.7.45.185
969,Casper,Holttom,cholttomqw@miitbeian.gov.cn,Male,194.230.135.79
970,Noemi,Paffett,npaffettqx@opensource.org,Female,104.209.192.29
971,Craggie,Kiwitz,ckiwitzqy@mapquest.com,Male,87.184.160.225
972,Farleigh,Scoular,fscoularqz@e-recht24.de,Male,90.144.217.190
973,Happy,Bernardo,hbernardor0@goo.gl,Female,185.134.64.248
974,Tessa,Scotchmur,tscotchmurr1@domainmarket.com,Female,80.43.203.21
975,Gabie,Hanhart,ghanhartr2@angelfire.com,Female,75.231.125.129
976,Cale,Jakoubec,cjakoubecr3@unesco.org,Male,11.248.44.38
977,Mattie,Remer,mremerr4@hc360.com,Male,174.119.73.130
978,Barbee,Seignior,bseigniorr5@ezinearticles.com,Female,216.211.208.219
979,Shawn,Damrell,sdamrellr6@house.gov,Male,230.214.107.221
980,Field,Ghidotti,fghidottir7@friendfeed.com,Male,113.131.92.210
981,Delphinia,Gilks,dgilksr8@zdnet.com,Female,60.53.66.158
982,Carlyle,MacCrann,cmaccrannr9@etsy.com,Male,55.67.24.123
983,Jacki,Blasl,jblaslra@statcounter.com,Female,136.98.97.238
984,Georgie,Skellington,gskellingtonrb@va.gov,Female,218.16.205.139
985,Gawen,Sommerly,gsommerlyrc@howstuffworks.com,Male,75.161.230.55
986,Jard,Hullyer,jhullyerrd@google.nl,Male,148.253.202.80
987,Miof mela,MacCartney,mmaccartneyre@arizona.edu,Female,238.12.194.196
988,Damaris,Duran,dduranrf@wikia.com,Female,105.209.253.91
989,Gordon,Leal,glealrg@blogtalkradio.com,Male,90.17.70.60
990,Kellby,Lafaye,klafayerh@noaa.gov,Male,109.37.222.213
991,Carma,Illston,cillstonri@about.com,Female,136.89.170.149
992,Tresa,Featherstonhaugh,tfeatherstonhaughrj@ustream.tv,Female,52.0.171.6
993,Ardyce,Bindon,abindonrk@forbes.com,Female,58.227.181.217
994,Gillie,Blowers,gblowersrl@printfriendly.com,Female,117.154.146.171
995,Pammy,Legg,pleggrm@simplemachines.org,Female,22.27.212.243
996,Sunny,Dawber,sdawberrn@devhub.com,Male,49.211.251.131
997,Stevana,Cristofari,scristofariro@last.fm,Female,126.203.211.126
998,Grove,Bisco,gbiscorp@narod.ru,Male,10.65.30.73
999,Leonard,Tennock,ltennockrq@themeforest.net,Male,111.235.216.65
1000,Tedra,Wanklyn,twanklynrr@blogger.com,Female,243.235.40.110
